器件型号,器件名称,器件名称(中文),外形,描述 / 用途说明）,尺寸,长 mm,宽 mm,高 mm,质量 g,核心材料,安装面,CAD路径,导热率W/(m·K),辐射率,热阻K/W,接触热阻K/W,比热容J/(kg·K),最高工作温度,最低工作温度,图片路径,备注,主模式功耗,校准模式功耗,冷却系统功耗,工作电压,datasheet path,器件种类,所属分系统,器件来源,本体尺寸长,本体尺寸宽,本体尺寸高,质心 X 坐标,质心 Y 坐标,质心 Z 坐标,工作相对湿度范围,储存温度范围,储存相对湿度范围,接触面积,安装面粗糙度,Unnamed: 41,STEP长,STEP宽,STEP高,Rotated CAD Path,CAD_rotated_path,器件ID,CAD_MAJOR_PATH,CAD_LOCAL_MOUNT_FACE
AIRBUS-REFINED-002_dawnaerospace_b20_thruster_v2,DawnAerospace_B20_Thruster v2,推进器,bbox_from_step,Airbus refined coordinate-preserved STEP part; group=base_plate; role=thruster; coordinates are in Final Assembly global mm.,79.190×70.123×167.299 mm,79.19009,70.123,167.298846,18.58,Inconel 718 / stainless steel estimate,-Z,refined_coordinate_steps/base_plate/002_thruster__base_plate_4_motors_v9_1__inst001.step,,,,,,,,,Generated from refined_coordinate_index.csv; installation face fixed to +Z by user request.; thruster安装面已按CAD坐标和相邻板/壁bbox确认为-Z; 原值=+Z; CAD_rotated_path/CAD_MAJOR_PATH switched to DB Dawn B1 oriented lightweight STEP for current assembly flow.; v10 B20 real CAD path; CAD_LOCAL_MOUNT_FACE=-Y,12.0,,,,,推进器,推进分系统,Airbus STEP refined coordinate split,79.19009,70.123,167.298846,604.445031,75.0,88.53807,,,,5553.046681,,,79.19009,70.123,167.298846,/data/wqn/cad2comsol2paraview/data/module_db/cad/Motor Final Assembly v001DawnAerospace_B20_Thruster v022.step,/data/wqn/cad2comsol2paraview/data/module_db/cad/Motor Final Assembly v001DawnAerospace_B20_Thruster v022.step,AIRBUS-REFINED-002,/data/wqn/cad2comsol2paraview/data/module_db/cad/Motor Final Assembly v001DawnAerospace_B20_Thruster v022.step,-Y
AIRBUS-REFINED-003_dawnaerospace_b20_thruster_v2,DawnAerospace_B20_Thruster v2,推进器,bbox_from_step,Airbus refined coordinate-preserved STEP part; group=base_plate; role=thruster; coordinates are in Final Assembly global mm.,79.190×70.123×167.299 mm,79.19009,70.123,167.298846,18.58,Inconel 718 / stainless steel estimate,-Z,refined_coordinate_steps/base_plate/003_thruster__base_plate_4_motors_v9_1__inst002.step,,,,,,,,,Generated from refined_coordinate_index.csv; installation face fixed to +Z by user request.; thruster安装面已按CAD坐标和相邻板/壁bbox确认为-Z; 原值=+Z; CAD_rotated_path/CAD_MAJOR_PATH switched to DB Dawn B1 oriented lightweight STEP for current assembly flow.; v10 B20 real CAD path; CAD_LOCAL_MOUNT_FACE=-Y,12.0,,,,,推进器,推进分系统,Airbus STEP refined coordinate split,79.19009,70.123,167.298846,604.445031,1125.0,88.53807,,,,5553.046681,,,79.19009,70.123,167.298846,/data/wqn/cad2comsol2paraview/data/module_db/cad/Motor Final Assembly v001DawnAerospace_B20_Thruster v022.step,/data/wqn/cad2comsol2paraview/data/module_db/cad/Motor Final Assembly v001DawnAerospace_B20_Thruster v022.step,AIRBUS-REFINED-003,/data/wqn/cad2comsol2paraview/data/module_db/cad/Motor Final Assembly v001DawnAerospace_B20_Thruster v022.step,-Y
AIRBUS-REFINED-018_battery_pack_1_ymax_side,Battery pack 1 (ymax_side),电池包,bbox_from_step,Airbus refined coordinate-preserved STEP part; group=battery_modules; role=battery_pack; coordinates are in Final Assembly global mm.,152.000×305.000×686.000 mm,152.0,305.0,686.0,3498.326,battery_cells_aluminum_case_estimate,+Z,refined_coordinate_steps/battery_modules/018_battery_pack__inst001.step,,,,,,,,,Generated from refined_coordinate_index.csv; installation face fixed to +Z by user request.,5.0,,,,,蓄电池,电源分系统,Airbus STEP refined coordinate split,152.0,305.0,686.0,325.5,963.0,518.0,,,,46360.0,,,152.0,305.0,686.0,refined_coordinate_steps/battery_modules/018_battery_pack__inst001.step,refined_coordinate_steps/battery_modules/018_battery_pack__inst001.step,AIRBUS-REFINED-018,refined_coordinate_steps/battery_modules/018_battery_pack__inst001.step,
AIRBUS-REFINED-019_battery_pack_2_ymin_side,Battery pack 2 (ymin_side),电池包,bbox_from_step,Airbus refined coordinate-preserved STEP part; group=battery_modules; role=battery_pack; coordinates are in Final Assembly global mm.,152.000×305.000×686.000 mm,152.0,305.0,686.0,3498.326,battery_cells_aluminum_case_estimate,+Z,refined_coordinate_steps/battery_modules/019_battery_pack__inst002.step,,,,,,,,,Generated from refined_coordinate_index.csv; installation face fixed to +Z by user request.,5.0,,,,,蓄电池,电源分系统,Airbus STEP refined coordinate split,152.0,305.0,686.0,874.5,237.0,518.0,,,,46360.0,,,152.0,305.0,686.0,refined_coordinate_steps/battery_modules/019_battery_pack__inst002.step,refined_coordinate_steps/battery_modules/019_battery_pack__inst002.step,AIRBUS-REFINED-019,refined_coordinate_steps/battery_modules/019_battery_pack__inst002.step,
AIRBUS-REFINED-022_360_degree_camera_v4_1_complete_assembly,360 Degree Camera v4:1 complete assembly,相机组件,bbox_from_step,Airbus refined coordinate-preserved STEP part; group=cameras; role=camera_assembly; coordinates are in Final Assembly global mm.,170.004×170.004×185.684 mm,170.004451,170.004451,185.68396,321.993,aluminum_6061_estimate,-Z,refined_coordinate_steps/cameras/022_camera_assembly__360_degree_camera_v4_1__inst001.step,,,,,,,,,Generated from refined_coordinate_index.csv; installation face fixed to +Z by user request.; cameras安装面按CAD bbox/用户确认修正为-Z; 原值=+Z,3.0,,,,,相机,载荷分系统,Airbus STEP refined coordinate split,170.004451,170.004451,185.68396,150.0,150.0,977.839757,,,,28901.51336,,,170.004451,170.004451,185.68396,refined_coordinate_steps/cameras/022_camera_assembly__360_degree_camera_v4_1__inst001.step,refined_coordinate_steps/cameras_preflip_y180/022_camera_assembly__360_degree_camera_v4_1__inst001__preflip_y180.step,AIRBUS-REFINED-022,refined_coordinate_steps/cameras_preflip_y180/022_camera_assembly__360_degree_camera_v4_1__inst001__preflip_y180.step,
AIRBUS-REFINED-023_360_degree_camera_v4_4_complete_assembly,360 Degree Camera v4:4 complete assembly,相机组件,bbox_from_step,Airbus refined coordinate-preserved STEP part; group=cameras; role=camera_assembly; coordinates are in Final Assembly global mm.,170.004×170.004×185.684 mm,170.004451,170.004451,185.68396,321.993,aluminum_6061_estimate,-Z,refined_coordinate_steps/cameras/023_camera_assembly__360_degree_camera_v4_4__inst002.step,,,,,,,,,Generated from refined_coordinate_index.csv; installation face fixed to +Z by user request.; cameras安装面按CAD bbox/用户确认修正为-Z; 原值=+Z,3.0,,,,,相机,载荷分系统,Airbus STEP refined coordinate split,170.004451,170.004451,185.68396,150.0,1050.0,977.839757,,,,28901.51336,,,170.004451,170.004451,185.68396,refined_coordinate_steps/cameras/023_camera_assembly__360_degree_camera_v4_4__inst002.step,refined_coordinate_steps/cameras_preflip_y180/023_camera_assembly__360_degree_camera_v4_4__inst002__preflip_y180.step,AIRBUS-REFINED-023,refined_coordinate_steps/cameras_preflip_y180/023_camera_assembly__360_degree_camera_v4_4__inst002__preflip_y180.step,
AIRBUS-REFINED-024_360_degree_camera_v4_3_complete_assembly,360 Degree Camera v4:3 complete assembly,相机组件,bbox_from_step,Airbus refined coordinate-preserved STEP part; group=cameras; role=camera_assembly; coordinates are in Final Assembly global mm.,170.004×170.004×185.684 mm,170.004451,170.004451,185.68396,321.993,aluminum_6061_estimate,-Z,refined_coordinate_steps/cameras/024_camera_assembly__360_degree_camera_v4_3__inst003.step,,,,,,,,,Generated from refined_coordinate_index.csv; installation face fixed to +Z by user request.; cameras安装面按CAD bbox/用户确认修正为-Z; 原值=+Z,3.0,,,,,相机,载荷分系统,Airbus STEP refined coordinate split,170.004451,170.004451,185.68396,1050.0,1050.0,977.839757,,,,28901.51336,,,170.004451,170.004451,185.68396,refined_coordinate_steps/cameras/024_camera_assembly__360_degree_camera_v4_3__inst003.step,refined_coordinate_steps/cameras_preflip_y180/024_camera_assembly__360_degree_camera_v4_3__inst003__preflip_y180.step,AIRBUS-REFINED-024,refined_coordinate_steps/cameras_preflip_y180/024_camera_assembly__360_degree_camera_v4_3__inst003__preflip_y180.step,
AIRBUS-REFINED-025_360_degree_camera_v4_2_complete_assembly,360 Degree Camera v4:2 complete assembly,相机组件,bbox_from_step,Airbus refined coordinate-preserved STEP part; group=cameras; role=camera_assembly; coordinates are in Final Assembly global mm.,170.004×170.004×185.684 mm,170.004451,170.004451,185.68396,321.993,aluminum_6061_estimate,-Z,refined_coordinate_steps/cameras/025_camera_assembly__360_degree_camera_v4_2__inst004.step,,,,,,,,,Generated from refined_coordinate_index.csv; installation face fixed to +Z by user request.; cameras安装面按CAD bbox/用户确认修正为-Z; 原值=+Z,3.0,,,,,相机,载荷分系统,Airbus STEP refined coordinate split,170.004451,170.004451,185.68396,1050.0,150.0,977.839757,,,,28901.51336,,,170.004451,170.004451,185.68396,refined_coordinate_steps/cameras/025_camera_assembly__360_degree_camera_v4_2__inst004.step,refined_coordinate_steps/cameras_preflip_y180/025_camera_assembly__360_degree_camera_v4_2__inst004__preflip_y180.step,AIRBUS-REFINED-025,refined_coordinate_steps/cameras_preflip_y180/025_camera_assembly__360_degree_camera_v4_2__inst004__preflip_y180.step,
AIRBUS-REFINED-090_allocated_space_for_computer_systems,Allocated space for computer systems,计算机系统占位件,bbox_from_step,Airbus refined coordinate-preserved STEP part; group=computer_systems; role=computer_system_volume; coordinates are in Final Assembly global mm.,300.000×280.000×300.000 mm,260.0,220.0,240.0,1700.0,aluminum_6061_estimate,+Z,refined_coordinate_steps/computer_systems/090_computer_system_volume__allocated_space_for_computer_systems_1__inst001.step,,,,,,,,,Generated from refined_coordinate_index.csv; installation face fixed to +Z by user request.; Simplified allocated computer system volume to 300x280x300 bbox while preserving +Z mount contact plane.; computer_system simplified to 260x220x240 bbox; repositioned to bottom-supported non-overlap slot 20260515,15.0,,,,,计算机系统,综合电子分系统,Airbus STEP refined coordinate split,260.0,220.0,240.0,300.0,120.0,125.0,,,,170000.0,,,260.0,220.0,240.0,refined_coordinate_steps/computer_systems_simplified_boxes/090_computer_system_simplified_box_260x220x240.step,refined_coordinate_steps/computer_systems_simplified_boxes/090_computer_system_simplified_box_260x220x240.step,AIRBUS-REFINED-090,refined_coordinate_steps/computer_systems_simplified_boxes/090_computer_system_simplified_box_260x220x240.step,
AIRBUS-REFINED-091_allocated_space_for_computer_systems,Allocated space for computer systems,计算机系统占位件,bbox_from_step,Airbus refined coordinate-preserved STEP part; group=computer_systems; role=computer_system_volume; coordinates are in Final Assembly global mm.,300.000×280.000×300.000 mm,260.0,220.0,240.0,1700.0,aluminum_6061_estimate,+Z,refined_coordinate_steps/computer_systems/091_computer_system_volume__allocated_space_for_computer_systems_2__inst002.step,,,,,,,,,Generated from refined_coordinate_index.csv; installation face fixed to +Z by user request.; Simplified allocated computer system volume to 300x280x300 bbox while preserving +Z mount contact plane.; computer_system simplified to 260x220x240 bbox; repositioned to bottom-supported non-overlap slot 20260515,15.0,,,,,计算机系统,综合电子分系统,Airbus STEP refined coordinate split,260.0,220.0,240.0,900.0,1080.0,125.0,,,,170000.0,,,260.0,220.0,240.0,refined_coordinate_steps/computer_systems_simplified_boxes/091_computer_system_simplified_box_260x220x240.step,refined_coordinate_steps/computer_systems_simplified_boxes/091_computer_system_simplified_box_260x220x240.step,AIRBUS-REFINED-091,refined_coordinate_steps/computer_systems_simplified_boxes/091_computer_system_simplified_box_260x220x240.step,
AIRBUS-REFINED-092_cubesat_payload_box_1_ymin_side,Cubesat payload box 1 (ymin_side),载荷盒体,bbox_from_step,Airbus refined coordinate-preserved STEP part; group=cubesat_payloads; role=cubesat_payload_box; coordinates are in Final Assembly global mm.,252.000×222.000×262.000 mm,252.000003,222.0,262.000003,293.147,aluminum_6061_estimate,+Z,refined_coordinate_steps/cubesat_payloads/092_cubesat_payload_box__inst001.step,,,,,,,,,Generated from refined_coordinate_index.csv; installation face fixed to +Z by user request.,0.0,,,,,载荷/机构,载荷分系统,Airbus STEP refined coordinate split,252.000003,222.0,262.000003,600.0,110.999998,452.5,,,,55944.000666,,,252.000003,222.0,262.000003,refined_coordinate_steps/cubesat_payloads/092_cubesat_payload_box__inst001.step,refined_coordinate_steps/cubesat_payloads/092_cubesat_payload_box__inst001.step,AIRBUS-REFINED-092,refined_coordinate_steps/cubesat_payloads/092_cubesat_payload_box__inst001.step,
AIRBUS-REFINED-093_cubesat_payload_box_2_ymax_side,Cubesat payload box 2 (ymax_side),载荷盒体,bbox_from_step,Airbus refined coordinate-preserved STEP part; group=cubesat_payloads; role=cubesat_payload_box; coordinates are in Final Assembly global mm.,252.000×222.000×262.000 mm,252.000003,222.0,262.000003,293.147,aluminum_6061_estimate,+Z,refined_coordinate_steps/cubesat_payloads/093_cubesat_payload_box__inst002.step,,,,,,,,,Generated from refined_coordinate_index.csv; installation face fixed to +Z by user request.,0.0,,,,,载荷/机构,载荷分系统,Airbus STEP refined coordinate split,252.000003,222.0,262.000003,600.0,1089.000002,452.5,,,,55944.000666,,,252.000003,222.0,262.000003,refined_coordinate_steps/cubesat_payloads/093_cubesat_payload_box__inst002.step,refined_coordinate_steps/cubesat_payloads/093_cubesat_payload_box__inst002.step,AIRBUS-REFINED-093,refined_coordinate_steps/cubesat_payloads/093_cubesat_payload_box__inst002.step,
AIRBUS-REFINED-108_debris_collection_assembly,Debris collection assembly,碎片收集组件,bbox_from_step,Airbus refined coordinate-preserved STEP part; group=debris_collection; role=debris_collection_assembly; coordinates are in Final Assembly global mm.,488.351×488.351×901.297 mm,488.3508,488.3508,901.297346,5851.94,aluminum_6061_estimate,+Z,refined_coordinate_steps/debris_collection/108_debris_collection_assembly__inst001.step,,,,,,,,,"Updated after moving middle spring/collection subassembly down by 170 mm in low-capacity STEP; isolated curved spring solid removed; active CAD is 1.229 MiB, valid, 75 solids/408 faces; bbox/coordinates read from current STEP.",0.0,,,,,载荷/机构,载荷分系统,Airbus STEP refined coordinate split,488.3508,488.3508,901.297346,599.397055,600.150736,450.077509,,,,238486.516369,,,488.3508,488.3508,901.297346,refined_coordinate_steps/debris_collection/108_debris_collection_assembly__inst001.step,refined_coordinate_steps/debris_collection/108_debris_collection_assembly__inst001.step,AIRBUS-REFINED-108,refined_coordinate_steps/debris_collection/108_debris_collection_assembly__inst001.step,
AIRBUS-REFINED-123_drive_train_frame_1,Drive train frame 1,传动支架,bbox_from_step,Airbus refined coordinate-preserved STEP part; group=drive_train; role=drive_train_frame; coordinates are in Final Assembly global mm.,118.005×180.005×804.005 mm,118.004614,180.004614,804.004614,1366.253,aluminum_steel_motor_assembly_estimate,+Z,refined_coordinate_steps/drive_train/123_drive_train_frame__inst001.step,,,,,,,,,Generated from refined_coordinate_index.csv; installation face fixed to +Z by user request.,0.0,,,,,传动机构,机构分系统,Airbus STEP refined coordinate split,118.004614,180.004614,804.004614,600.5,329.633093,407.035458,,,,21241.374993,,,118.004614,180.004614,804.004614,refined_coordinate_steps/drive_train/123_drive_train_frame__inst001.step,refined_coordinate_steps/drive_train/123_drive_train_frame__inst001.step,AIRBUS-REFINED-123,refined_coordinate_steps/drive_train/123_drive_train_frame__inst001.step,
AIRBUS-REFINED-124_drive_train_frame_2,Drive train frame 2,传动支架,bbox_from_step,Airbus refined coordinate-preserved STEP part; group=drive_train; role=drive_train_frame; coordinates are in Final Assembly global mm.,180.005×118.005×804.005 mm,180.004614,118.004614,804.004614,1366.253,aluminum_steel_motor_assembly_estimate,+Z,refined_coordinate_steps/drive_train/124_drive_train_frame__inst002.step,,,,,,,,,Generated from refined_coordinate_index.csv; installation face fixed to +Z by user request.,0.0,,,,,传动机构,机构分系统,Airbus STEP refined coordinate split,180.004614,118.004614,804.004614,870.366907,600.5,407.035458,,,,21241.374993,,,180.004614,118.004614,804.004614,refined_coordinate_steps/drive_train/124_drive_train_frame__inst002.step,refined_coordinate_steps/drive_train/124_drive_train_frame__inst002.step,AIRBUS-REFINED-124,refined_coordinate_steps/drive_train/124_drive_train_frame__inst002.step,
AIRBUS-REFINED-125_drive_train_frame_3,Drive train frame 3,传动支架,bbox_from_step,Airbus refined coordinate-preserved STEP part; group=drive_train; role=drive_train_frame; coordinates are in Final Assembly global mm.,118.005×180.005×804.005 mm,118.004614,180.004614,804.004614,1366.253,aluminum_steel_motor_assembly_estimate,+Z,refined_coordinate_steps/drive_train/125_drive_train_frame__inst003.step,,,,,,,,,Generated from refined_coordinate_index.csv; installation face fixed to +Z by user request.,0.0,,,,,传动机构,机构分系统,Airbus STEP refined coordinate split,118.004614,180.004614,804.004614,599.5,870.366907,407.035458,,,,21241.374993,,,118.004614,180.004614,804.004614,refined_coordinate_steps/drive_train/125_drive_train_frame__inst003.step,refined_coordinate_steps/drive_train/125_drive_train_frame__inst003.step,AIRBUS-REFINED-125,refined_coordinate_steps/drive_train/125_drive_train_frame__inst003.step,
AIRBUS-REFINED-126_drive_train_frame_4,Drive train frame 4,传动支架,bbox_from_step,Airbus refined coordinate-preserved STEP part; group=drive_train; role=drive_train_frame; coordinates are in Final Assembly global mm.,180.005×118.005×804.005 mm,180.004614,118.004614,804.004614,1366.253,aluminum_steel_motor_assembly_estimate,+Z,refined_coordinate_steps/drive_train/126_drive_train_frame__inst004.step,,,,,,,,,Generated from refined_coordinate_index.csv; installation face fixed to +Z by user request.,0.0,,,,,传动机构,机构分系统,Airbus STEP refined coordinate split,180.004614,118.004614,804.004614,329.633093,599.5,407.035458,,,,21241.374993,,,180.004614,118.004614,804.004614,refined_coordinate_steps/drive_train/126_drive_train_frame__inst004.step,refined_coordinate_steps/drive_train/126_drive_train_frame__inst004.step,AIRBUS-REFINED-126,refined_coordinate_steps/drive_train/126_drive_train_frame__inst004.step,
AIRBUS-REFINED-127_drive_train_mounted_device_1,Drive train mounted device 1,传动安装器件,bbox_from_step,Airbus refined coordinate-preserved STEP part; group=drive_train; role=drive_train_mounted_device; coordinates are in Final Assembly global mm.,583.294×180.000×200.000 mm,583.294341,180.000073,200.000073,1679.889,aluminum_steel_motor_assembly_estimate,+Z,refined_coordinate_steps/drive_train/127_drive_train_mounted_device__inst001.step,,,,,,,,,Generated from refined_coordinate_index.csv; installation face fixed to +Z by user request.,4.0,,,,,传动机构,机构分系统,Airbus STEP refined coordinate split,583.294341,180.000073,200.000073,346.647134,329.633093,105.035458,,,,104993.02396,,,583.294341,180.000073,200.000073,refined_coordinate_steps/drive_train/127_drive_train_mounted_device__inst001.step,refined_coordinate_steps/drive_train/127_drive_train_mounted_device__inst001.step,AIRBUS-REFINED-127,refined_coordinate_steps/drive_train/127_drive_train_mounted_device__inst001.step,
AIRBUS-REFINED-128_drive_train_mounted_device_2,Drive train mounted device 2,传动安装器件,bbox_from_step,Airbus refined coordinate-preserved STEP part; group=drive_train; role=drive_train_mounted_device; coordinates are in Final Assembly global mm.,180.000×583.294×200.000 mm,180.000073,583.294341,200.000073,1679.889,aluminum_steel_motor_assembly_estimate,+Z,refined_coordinate_steps/drive_train/128_drive_train_mounted_device__inst002.step,,,,,,,,,Generated from refined_coordinate_index.csv; installation face fixed to +Z by user request.,4.0,,,,,传动机构,机构分系统,Airbus STEP refined coordinate split,180.000073,583.294341,200.000073,870.366907,346.647134,105.035458,,,,104993.02396,,,180.000073,583.294341,200.000073,refined_coordinate_steps/drive_train/128_drive_train_mounted_device__inst002.step,refined_coordinate_steps/drive_train/128_drive_train_mounted_device__inst002.step,AIRBUS-REFINED-128,refined_coordinate_steps/drive_train/128_drive_train_mounted_device__inst002.step,
AIRBUS-REFINED-129_drive_train_mounted_device_3,Drive train mounted device 3,传动安装器件,bbox_from_step,Airbus refined coordinate-preserved STEP part; group=drive_train; role=drive_train_mounted_device; coordinates are in Final Assembly global mm.,583.294×180.000×200.000 mm,583.294341,180.000073,200.000073,1679.889,aluminum_steel_motor_assembly_estimate,+Z,refined_coordinate_steps/drive_train/129_drive_train_mounted_device__inst003.step,,,,,,,,,Generated from refined_coordinate_index.csv; installation face fixed to +Z by user request.,4.0,,,,,传动机构,机构分系统,Airbus STEP refined coordinate split,583.294341,180.000073,200.000073,853.352866,870.366907,105.035458,,,,104993.02396,,,583.294341,180.000073,200.000073,refined_coordinate_steps/drive_train/129_drive_train_mounted_device__inst003.step,refined_coordinate_steps/drive_train/129_drive_train_mounted_device__inst003.step,AIRBUS-REFINED-129,refined_coordinate_steps/drive_train/129_drive_train_mounted_device__inst003.step,
AIRBUS-REFINED-130_drive_train_mounted_device_4,Drive train mounted device 4,传动安装器件,bbox_from_step,Airbus refined coordinate-preserved STEP part; group=drive_train; role=drive_train_mounted_device; coordinates are in Final Assembly global mm.,180.000×587.826×201.726 mm,180.000073,587.825913,201.726332,1707.552,aluminum_steel_motor_assembly_estimate,+Z,refined_coordinate_steps/drive_train/130_drive_train_mounted_device__inst004.step,,,,,,,,,Generated from refined_coordinate_index.csv; installation face fixed to +Z by user request.,4.0,,,,,传动机构,机构分系统,Airbus STEP refined coordinate split,180.000073,587.825913,201.726332,329.633093,855.618652,105.898588,,,,105808.707251,,,180.000073,587.825913,201.726332,refined_coordinate_steps/drive_train/130_drive_train_mounted_device__inst004.step,refined_coordinate_steps/drive_train/130_drive_train_mounted_device__inst004.step,AIRBUS-REFINED-130,refined_coordinate_steps/drive_train/130_drive_train_mounted_device__inst004.step,
AIRBUS-REFINED-172_fuel_tank_cold_gas_v3,Fuel Tank (Cold Gas) v3,燃料储存罐,bbox_from_step,Airbus refined coordinate-preserved STEP part; group=fuel_tanks; role=fuel_tank; coordinates are in Final Assembly global mm.,200.000×200.000×800.000 mm,200.0,200.0,800.0,1600.0,composite_or_aluminum_pressure_vessel_estimate,+Z,refined_coordinate_steps/fuel_tanks/172_fuel_tank__fuel_tank_cold_gas_v3_1__inst001.step,,,,,,,,,Generated from refined_coordinate_index.csv; installation face fixed to +Z by user request.,0.0,,,,,燃料储存罐,推进分系统,Airbus STEP refined coordinate split,200.0,200.0,800.0,125.0,975.0,450.0,,,,40000.0,,,200.0,200.0,800.0,refined_coordinate_steps/fuel_tanks/172_fuel_tank__fuel_tank_cold_gas_v3_1__inst001.step,refined_coordinate_steps/fuel_tanks/172_fuel_tank__fuel_tank_cold_gas_v3_1__inst001.step,AIRBUS-REFINED-172,refined_coordinate_steps/fuel_tanks/172_fuel_tank__fuel_tank_cold_gas_v3_1__inst001.step,
AIRBUS-REFINED-173_fuel_tank_cold_gas_v3,Fuel Tank (Cold Gas) v3,燃料储存罐,bbox_from_step,Airbus refined coordinate-preserved STEP part; group=fuel_tanks; role=fuel_tank; coordinates are in Final Assembly global mm.,200.000×200.000×800.000 mm,200.0,200.0,800.0,1600.0,composite_or_aluminum_pressure_vessel_estimate,+Z,refined_coordinate_steps/fuel_tanks/173_fuel_tank__fuel_tank_cold_gas_v3_2__inst002.step,,,,,,,,,Generated from refined_coordinate_index.csv; installation face fixed to +Z by user request.,0.0,,,,,燃料储存罐,推进分系统,Airbus STEP refined coordinate split,200.0,200.0,800.0,1075.0,225.0,450.0,,,,40000.0,,,200.0,200.0,800.0,refined_coordinate_steps/fuel_tanks/173_fuel_tank__fuel_tank_cold_gas_v3_2__inst002.step,refined_coordinate_steps/fuel_tanks/173_fuel_tank__fuel_tank_cold_gas_v3_2__inst002.step,AIRBUS-REFINED-173,refined_coordinate_steps/fuel_tanks/173_fuel_tank__fuel_tank_cold_gas_v3_2__inst002.step,
AIRBUS-REFINED-174_alba_orbital_pocketqube_launch_mechanism_v3,Alba Orbital PocketQube Launch Mechanism v3,PocketQube释放机构,bbox_from_step,Airbus refined coordinate-preserved STEP part; group=pocketqube_launchers; role=pocketqube_launcher; coordinates are in Final Assembly global mm.,70.000×70.000×350.000 mm,70.0,70.0,350.0,34.3,aluminum_6061_estimate,+Z,refined_coordinate_steps/pocketqube_launchers/174_pocketqube_launcher__alba_orbital_pocketqube_launch_mechanism_v__inst001.step,,,,,,,,,Generated from refined_coordinate_index.csv; installation face fixed to +Z by user request.,0.5,,,,,载荷/机构,载荷分系统,Airbus STEP refined coordinate split,70.0,70.0,350.0,194.856251,699.856251,735.0,,,,4900.0,,,70.0,70.0,350.0,refined_coordinate_steps/pocketqube_launchers/174_pocketqube_launcher__alba_orbital_pocketqube_launch_mechanism_v__inst001.step,refined_coordinate_steps/pocketqube_launchers/174_pocketqube_launcher__alba_orbital_pocketqube_launch_mechanism_v__inst001.step,AIRBUS-REFINED-174,refined_coordinate_steps/pocketqube_launchers/174_pocketqube_launcher__alba_orbital_pocketqube_launch_mechanism_v__inst001.step,
AIRBUS-REFINED-175_alba_orbital_pocketqube_launch_mechanism_v3,Alba Orbital PocketQube Launch Mechanism v3,PocketQube释放机构,bbox_from_step,Airbus refined coordinate-preserved STEP part; group=pocketqube_launchers; role=pocketqube_launcher; coordinates are in Final Assembly global mm.,70.000×70.000×350.000 mm,70.0,70.0,350.0,34.3,aluminum_6061_estimate,+Z,refined_coordinate_steps/pocketqube_launchers/175_pocketqube_launcher__alba_orbital_pocketqube_launch_mechanism_v__inst002.step,,,,,,,,,Generated from refined_coordinate_index.csv; installation face fixed to +Z by user request.,0.5,,,,,载荷/机构,载荷分系统,Airbus STEP refined coordinate split,70.0,70.0,350.0,194.856251,799.856251,735.0,,,,4900.0,,,70.0,70.0,350.0,refined_coordinate_steps/pocketqube_launchers/175_pocketqube_launcher__alba_orbital_pocketqube_launch_mechanism_v__inst002.step,refined_coordinate_steps/pocketqube_launchers/175_pocketqube_launcher__alba_orbital_pocketqube_launch_mechanism_v__inst002.step,AIRBUS-REFINED-175,refined_coordinate_steps/pocketqube_launchers/175_pocketqube_launcher__alba_orbital_pocketqube_launch_mechanism_v__inst002.step,
AIRBUS-REFINED-176_alba_orbital_pocketqube_launch_mechanism_v3,Alba Orbital PocketQube Launch Mechanism v3,PocketQube释放机构,bbox_from_step,Airbus refined coordinate-preserved STEP part; group=pocketqube_launchers; role=pocketqube_launcher; coordinates are in Final Assembly global mm.,70.000×70.000×350.000 mm,70.0,70.0,350.0,34.3,aluminum_6061_estimate,+Z,refined_coordinate_steps/pocketqube_launchers/176_pocketqube_launcher__alba_orbital_pocketqube_launch_mechanism_v__inst003.step,,,,,,,,,Generated from refined_coordinate_index.csv; installation face fixed to +Z by user request.,0.5,,,,,载荷/机构,载荷分系统,Airbus STEP refined coordinate split,70.0,70.0,350.0,194.856251,599.856251,735.0,,,,4900.0,,,70.0,70.0,350.0,refined_coordinate_steps/pocketqube_launchers/176_pocketqube_launcher__alba_orbital_pocketqube_launch_mechanism_v__inst003.step,refined_coordinate_steps/pocketqube_launchers/176_pocketqube_launcher__alba_orbital_pocketqube_launch_mechanism_v__inst003.step,AIRBUS-REFINED-176,refined_coordinate_steps/pocketqube_launchers/176_pocketqube_launcher__alba_orbital_pocketqube_launch_mechanism_v__inst003.step,
AIRBUS-REFINED-177_alba_orbital_pocketqube_launch_mechanism_v3,Alba Orbital PocketQube Launch Mechanism v3,PocketQube释放机构,bbox_from_step,Airbus refined coordinate-preserved STEP part; group=pocketqube_launchers; role=pocketqube_launcher; coordinates are in Final Assembly global mm.,70.000×70.000×350.000 mm,70.0,70.0,350.0,34.3,aluminum_6061_estimate,+Z,refined_coordinate_steps/pocketqube_launchers/177_pocketqube_launcher__alba_orbital_pocketqube_launch_mechanism_v__inst004.step,,,,,,,,,Generated from refined_coordinate_index.csv; installation face fixed to +Z by user request.,0.5,,,,,载荷/机构,载荷分系统,Airbus STEP refined coordinate split,70.0,70.0,350.0,194.856251,499.856251,735.0,,,,4900.0,,,70.0,70.0,350.0,refined_coordinate_steps/pocketqube_launchers/177_pocketqube_launcher__alba_orbital_pocketqube_launch_mechanism_v__inst004.step,refined_coordinate_steps/pocketqube_launchers/177_pocketqube_launcher__alba_orbital_pocketqube_launch_mechanism_v__inst004.step,AIRBUS-REFINED-177,refined_coordinate_steps/pocketqube_launchers/177_pocketqube_launcher__alba_orbital_pocketqube_launch_mechanism_v__inst004.step,
AIRBUS-REFINED-178_alba_orbital_pocketqube_launch_mechanism_v3,Alba Orbital PocketQube Launch Mechanism v3,PocketQube释放机构,bbox_from_step,Airbus refined coordinate-preserved STEP part; group=pocketqube_launchers; role=pocketqube_launcher; coordinates are in Final Assembly global mm.,70.000×70.000×350.000 mm,70.0,70.0,350.0,34.3,aluminum_6061_estimate,+Z,refined_coordinate_steps/pocketqube_launchers/178_pocketqube_launcher__alba_orbital_pocketqube_launch_mechanism_v__inst005.step,,,,,,,,,Generated from refined_coordinate_index.csv; installation face fixed to +Z by user request.,0.5,,,,,载荷/机构,载荷分系统,Airbus STEP refined coordinate split,70.0,70.0,350.0,194.856251,399.856251,735.0,,,,4900.0,,,70.0,70.0,350.0,refined_coordinate_steps/pocketqube_launchers/178_pocketqube_launcher__alba_orbital_pocketqube_launch_mechanism_v__inst005.step,refined_coordinate_steps/pocketqube_launchers/178_pocketqube_launcher__alba_orbital_pocketqube_launch_mechanism_v__inst005.step,AIRBUS-REFINED-178,refined_coordinate_steps/pocketqube_launchers/178_pocketqube_launcher__alba_orbital_pocketqube_launch_mechanism_v__inst005.step,
AIRBUS-REFINED-179_alba_orbital_pocketqube_launch_mechanism_v3,Alba Orbital PocketQube Launch Mechanism v3,PocketQube释放机构,bbox_from_step,Airbus refined coordinate-preserved STEP part; group=pocketqube_launchers; role=pocketqube_launcher; coordinates are in Final Assembly global mm.,70.000×70.000×350.000 mm,70.0,70.0,350.0,34.3,aluminum_6061_estimate,+Z,refined_coordinate_steps/pocketqube_launchers/179_pocketqube_launcher__alba_orbital_pocketqube_launch_mechanism_v__inst006.step,,,,,,,,,Generated from refined_coordinate_index.csv; installation face fixed to +Z by user request.,0.5,,,,,载荷/机构,载荷分系统,Airbus STEP refined coordinate split,70.0,70.0,350.0,1005.143749,500.143749,735.0,,,,4900.0,,,70.0,70.0,350.0,refined_coordinate_steps/pocketqube_launchers/179_pocketqube_launcher__alba_orbital_pocketqube_launch_mechanism_v__inst006.step,refined_coordinate_steps/pocketqube_launchers/179_pocketqube_launcher__alba_orbital_pocketqube_launch_mechanism_v__inst006.step,AIRBUS-REFINED-179,refined_coordinate_steps/pocketqube_launchers/179_pocketqube_launcher__alba_orbital_pocketqube_launch_mechanism_v__inst006.step,
AIRBUS-REFINED-180_alba_orbital_pocketqube_launch_mechanism_v3,Alba Orbital PocketQube Launch Mechanism v3,PocketQube释放机构,bbox_from_step,Airbus refined coordinate-preserved STEP part; group=pocketqube_launchers; role=pocketqube_launcher; coordinates are in Final Assembly global mm.,70.000×70.000×350.000 mm,70.0,70.0,350.0,34.3,aluminum_6061_estimate,+Z,refined_coordinate_steps/pocketqube_launchers/180_pocketqube_launcher__alba_orbital_pocketqube_launch_mechanism_v__inst007.step,,,,,,,,,Generated from refined_coordinate_index.csv; installation face fixed to +Z by user request.,0.5,,,,,载荷/机构,载荷分系统,Airbus STEP refined coordinate split,70.0,70.0,350.0,1005.143749,400.143749,735.0,,,,4900.0,,,70.0,70.0,350.0,refined_coordinate_steps/pocketqube_launchers/180_pocketqube_launcher__alba_orbital_pocketqube_launch_mechanism_v__inst007.step,refined_coordinate_steps/pocketqube_launchers/180_pocketqube_launcher__alba_orbital_pocketqube_launch_mechanism_v__inst007.step,AIRBUS-REFINED-180,refined_coordinate_steps/pocketqube_launchers/180_pocketqube_launcher__alba_orbital_pocketqube_launch_mechanism_v__inst007.step,
AIRBUS-REFINED-181_alba_orbital_pocketqube_launch_mechanism_v3,Alba Orbital PocketQube Launch Mechanism v3,PocketQube释放机构,bbox_from_step,Airbus refined coordinate-preserved STEP part; group=pocketqube_launchers; role=pocketqube_launcher; coordinates are in Final Assembly global mm.,70.000×70.000×350.000 mm,70.0,70.0,350.0,34.3,aluminum_6061_estimate,+Z,refined_coordinate_steps/pocketqube_launchers/181_pocketqube_launcher__alba_orbital_pocketqube_launch_mechanism_v__inst008.step,,,,,,,,,Generated from refined_coordinate_index.csv; installation face fixed to +Z by user request.,0.5,,,,,载荷/机构,载荷分系统,Airbus STEP refined coordinate split,70.0,70.0,350.0,1005.143749,600.143749,735.0,,,,4900.0,,,70.0,70.0,350.0,refined_coordinate_steps/pocketqube_launchers/181_pocketqube_launcher__alba_orbital_pocketqube_launch_mechanism_v__inst008.step,refined_coordinate_steps/pocketqube_launchers/181_pocketqube_launcher__alba_orbital_pocketqube_launch_mechanism_v__inst008.step,AIRBUS-REFINED-181,refined_coordinate_steps/pocketqube_launchers/181_pocketqube_launcher__alba_orbital_pocketqube_launch_mechanism_v__inst008.step,
AIRBUS-REFINED-182_alba_orbital_pocketqube_launch_mechanism_v3,Alba Orbital PocketQube Launch Mechanism v3,PocketQube释放机构,bbox_from_step,Airbus refined coordinate-preserved STEP part; group=pocketqube_launchers; role=pocketqube_launcher; coordinates are in Final Assembly global mm.,70.000×70.000×350.000 mm,70.0,70.0,350.0,34.3,aluminum_6061_estimate,+Z,refined_coordinate_steps/pocketqube_launchers/182_pocketqube_launcher__alba_orbital_pocketqube_launch_mechanism_v__inst009.step,,,,,,,,,Generated from refined_coordinate_index.csv; installation face fixed to +Z by user request.,0.5,,,,,载荷/机构,载荷分系统,Airbus STEP refined coordinate split,70.0,70.0,350.0,1005.143749,700.143749,735.0,,,,4900.0,,,70.0,70.0,350.0,refined_coordinate_steps/pocketqube_launchers/182_pocketqube_launcher__alba_orbital_pocketqube_launch_mechanism_v__inst009.step,refined_coordinate_steps/pocketqube_launchers/182_pocketqube_launcher__alba_orbital_pocketqube_launch_mechanism_v__inst009.step,AIRBUS-REFINED-182,refined_coordinate_steps/pocketqube_launchers/182_pocketqube_launcher__alba_orbital_pocketqube_launch_mechanism_v__inst009.step,
AIRBUS-REFINED-183_alba_orbital_pocketqube_launch_mechanism_v3,Alba Orbital PocketQube Launch Mechanism v3,PocketQube释放机构,bbox_from_step,Airbus refined coordinate-preserved STEP part; group=pocketqube_launchers; role=pocketqube_launcher; coordinates are in Final Assembly global mm.,70.000×70.000×350.000 mm,70.0,70.0,350.0,34.3,aluminum_6061_estimate,+Z,refined_coordinate_steps/pocketqube_launchers/183_pocketqube_launcher__alba_orbital_pocketqube_launch_mechanism_v__inst010.step,,,,,,,,,Generated from refined_coordinate_index.csv; installation face fixed to +Z by user request.,0.5,,,,,载荷/机构,载荷分系统,Airbus STEP refined coordinate split,70.0,70.0,350.0,1005.143749,800.143749,735.0,,,,4900.0,,,70.0,70.0,350.0,refined_coordinate_steps/pocketqube_launchers/183_pocketqube_launcher__alba_orbital_pocketqube_launch_mechanism_v__inst010.step,refined_coordinate_steps/pocketqube_launchers/183_pocketqube_launcher__alba_orbital_pocketqube_launch_mechanism_v__inst010.step,AIRBUS-REFINED-183,refined_coordinate_steps/pocketqube_launchers/183_pocketqube_launcher__alba_orbital_pocketqube_launch_mechanism_v__inst010.step,
AIRBUS-REFINED-184_reaction_wheel_v7,Reaction wheel v7,反作用轮,bbox_from_step,Airbus refined coordinate-preserved STEP part; group=reaction_wheels; role=reaction_wheel; coordinates are in Final Assembly global mm.,150.000×150.000×60.000 mm,150.0,150.0,60.0,27.0,aluminum_steel_motor_assembly_estimate,-Z,refined_coordinate_steps/reaction_wheels/184_reaction_wheel__reaction_wheel_v7_1__inst001.step,,,,,,,,,Generated from refined_coordinate_index.csv; installation face fixed to +Z by user request.; reaction_wheels安装面按CAD bbox/用户确认修正为-Z; 原值=+Z,8.0,,,,,反作用轮,姿轨控分系统,Airbus STEP refined coordinate split,150.0,150.0,60.0,90.439988,97.050924,35.0,,,,22500.0,,,150.0,150.0,60.0,refined_coordinate_steps/reaction_wheels/184_reaction_wheel__reaction_wheel_v7_1__inst001.step,refined_coordinate_steps/reaction_wheels/184_reaction_wheel__reaction_wheel_v7_1__inst001.step,AIRBUS-REFINED-184,refined_coordinate_steps/reaction_wheels/184_reaction_wheel__reaction_wheel_v7_1__inst001.step,
AIRBUS-REFINED-185_reaction_wheel_v7,Reaction wheel v7,反作用轮,bbox_from_step,Airbus refined coordinate-preserved STEP part; group=reaction_wheels; role=reaction_wheel; coordinates are in Final Assembly global mm.,60.000×150.000×150.000 mm,60.0,150.0,150.0,27.0,aluminum_steel_motor_assembly_estimate,-X,refined_coordinate_steps/reaction_wheels/185_reaction_wheel__reaction_wheel_v7_2__inst002.step,,,,,,,,,Generated from refined_coordinate_index.csv; installation face fixed to +Z by user request.; reaction_wheels安装面按CAD bbox/用户确认修正为-X; 原值=+Z,8.0,,,,,反作用轮,姿轨控分系统,Airbus STEP refined coordinate split,60.0,150.0,150.0,35.0,147.050924,636.051966,,,,22500.0,,,60.0,150.0,150.0,refined_coordinate_steps/reaction_wheels/185_reaction_wheel__reaction_wheel_v7_2__inst002.step,refined_coordinate_steps/reaction_wheels/185_reaction_wheel__reaction_wheel_v7_2__inst002.step,AIRBUS-REFINED-185,refined_coordinate_steps/reaction_wheels/185_reaction_wheel__reaction_wheel_v7_2__inst002.step,
AIRBUS-REFINED-186_reaction_wheel_v7,Reaction wheel v7,反作用轮,bbox_from_step,Airbus refined coordinate-preserved STEP part; group=reaction_wheels; role=reaction_wheel; coordinates are in Final Assembly global mm.,150.000×60.000×150.000 mm,150.0,60.0,150.0,27.0,aluminum_steel_motor_assembly_estimate,-Y,refined_coordinate_steps/reaction_wheels/186_reaction_wheel__reaction_wheel_v7_3__inst003.step,,,,,,,,,Generated from refined_coordinate_index.csv; installation face fixed to +Z by user request.; reaction_wheels安装面按CAD bbox/用户确认修正为-Y; 原值=+Z,8.0,,,,,反作用轮,姿轨控分系统,Airbus STEP refined coordinate split,150.0,60.0,150.0,286.051966,35.0,711.051966,,,,22500.0,,,150.0,60.0,150.0,refined_coordinate_steps/reaction_wheels/186_reaction_wheel__reaction_wheel_v7_3__inst003.step,refined_coordinate_steps/reaction_wheels/186_reaction_wheel__reaction_wheel_v7_3__inst003.step,AIRBUS-REFINED-186,refined_coordinate_steps/reaction_wheels/186_reaction_wheel__reaction_wheel_v7_3__inst003.step,
AIRBUS-REFINED-187_reaction_wheel_v7,Reaction wheel v7,反作用轮,bbox_from_step,Airbus refined coordinate-preserved STEP part; group=reaction_wheels; role=reaction_wheel; coordinates are in Final Assembly global mm.,150.000×150.000×60.000 mm,150.0,150.0,60.0,27.0,aluminum_steel_motor_assembly_estimate,-Z,refined_coordinate_steps/reaction_wheels/187_reaction_wheel__reaction_wheel_v7_6__inst004.step,,,,,,,,,Generated from refined_coordinate_index.csv; installation face fixed to +Z by user request.; reaction_wheels安装面按CAD bbox/用户确认修正为-Z; 原值=+Z,8.0,,,,,反作用轮,姿轨控分系统,Airbus STEP refined coordinate split,150.0,150.0,60.0,1109.560012,1102.949076,35.0,,,,22500.0,,,150.0,150.0,60.0,refined_coordinate_steps/reaction_wheels/187_reaction_wheel__reaction_wheel_v7_6__inst004.step,refined_coordinate_steps/reaction_wheels/187_reaction_wheel__reaction_wheel_v7_6__inst004.step,AIRBUS-REFINED-187,refined_coordinate_steps/reaction_wheels/187_reaction_wheel__reaction_wheel_v7_6__inst004.step,
AIRBUS-REFINED-188_reaction_wheel_v7,Reaction wheel v7,反作用轮,bbox_from_step,Airbus refined coordinate-preserved STEP part; group=reaction_wheels; role=reaction_wheel; coordinates are in Final Assembly global mm.,60.000×150.000×150.000 mm,60.0,150.0,150.0,27.0,aluminum_steel_motor_assembly_estimate,+X,refined_coordinate_steps/reaction_wheels/188_reaction_wheel__reaction_wheel_v7_4__inst005.step,,,,,,,,,Generated from refined_coordinate_index.csv; installation face fixed to +Z by user request.; reaction_wheels安装面按CAD bbox/用户确认修正为+X; 原值=+Z,8.0,,,,,反作用轮,姿轨控分系统,Airbus STEP refined coordinate split,60.0,150.0,150.0,1165.0,1052.949076,636.051966,,,,22500.0,,,60.0,150.0,150.0,refined_coordinate_steps/reaction_wheels/188_reaction_wheel__reaction_wheel_v7_4__inst005.step,refined_coordinate_steps/reaction_wheels/188_reaction_wheel__reaction_wheel_v7_4__inst005.step,AIRBUS-REFINED-188,refined_coordinate_steps/reaction_wheels/188_reaction_wheel__reaction_wheel_v7_4__inst005.step,
AIRBUS-REFINED-189_reaction_wheel_v7,Reaction wheel v7,反作用轮,bbox_from_step,Airbus refined coordinate-preserved STEP part; group=reaction_wheels; role=reaction_wheel; coordinates are in Final Assembly global mm.,150.000×60.000×150.000 mm,150.0,60.0,150.0,27.0,aluminum_steel_motor_assembly_estimate,+Y,refined_coordinate_steps/reaction_wheels/189_reaction_wheel__reaction_wheel_v7_5__inst006.step,,,,,,,,,Generated from refined_coordinate_index.csv; installation face fixed to +Z by user request.; reaction_wheels安装面按CAD bbox/用户确认修正为+Y; 原值=+Z,8.0,,,,,反作用轮,姿轨控分系统,Airbus STEP refined coordinate split,150.0,60.0,150.0,913.948034,1165.0,711.051966,,,,22500.0,,,150.0,60.0,150.0,refined_coordinate_steps/reaction_wheels/189_reaction_wheel__reaction_wheel_v7_5__inst006.step,refined_coordinate_steps/reaction_wheels/189_reaction_wheel__reaction_wheel_v7_5__inst006.step,AIRBUS-REFINED-189,refined_coordinate_steps/reaction_wheels/189_reaction_wheel__reaction_wheel_v7_5__inst006.step,
AIRBUS-REFINED-004_dawnaerospace_b20_thruster_v2,DawnAerospace_B20_Thruster v2,推进器,bbox_from_step,Airbus refined coordinate-preserved STEP part; group=top_plate; role=thruster; coordinates are in Final Assembly global mm.,79.190×70.123×167.299 mm,79.19009,70.123,167.298846,18.58,Inconel 718 / stainless steel estimate,+Z,refined_coordinate_steps/top_plate/004_thruster__top_plate_v10_1__inst003.step,,,,,,,,,Generated from refined_coordinate_index.csv; installation face fixed to +Z by user request.; thruster安装面已按CAD坐标和相邻板/壁bbox确认为+Z; 原值=+Z; CAD_rotated_path/CAD_MAJOR_PATH switched to DB Dawn B1 oriented lightweight STEP for current assembly flow.; v10 B20 real CAD path; CAD_LOCAL_MOUNT_FACE=-Y,12.0,,,,,推进器,推进分系统,Airbus STEP refined coordinate split,79.19009,70.123,167.298846,604.445031,75.0,826.46193,,,,5553.046681,,,79.19009,70.123,167.298846,/data/wqn/cad2comsol2paraview/data/module_db/cad/Motor Final Assembly v001DawnAerospace_B20_Thruster v022.step,/data/wqn/cad2comsol2paraview/data/module_db/cad/Motor Final Assembly v001DawnAerospace_B20_Thruster v022.step,AIRBUS-REFINED-004,/data/wqn/cad2comsol2paraview/data/module_db/cad/Motor Final Assembly v001DawnAerospace_B20_Thruster v022.step,-Y
AIRBUS-REFINED-005_dawnaerospace_b20_thruster_v2,DawnAerospace_B20_Thruster v2,推进器,bbox_from_step,Airbus refined coordinate-preserved STEP part; group=top_plate; role=thruster; coordinates are in Final Assembly global mm.,79.190×70.123×167.299 mm,79.19009,70.123,167.298846,18.58,Inconel 718 / stainless steel estimate,+Z,refined_coordinate_steps/top_plate/005_thruster__top_plate_v10_1__inst004.step,,,,,,,,,Generated from refined_coordinate_index.csv; installation face fixed to +Z by user request.; thruster安装面已按CAD坐标和相邻板/壁bbox确认为+Z; 原值=+Z; CAD_rotated_path/CAD_MAJOR_PATH switched to DB Dawn B1 oriented lightweight STEP for current assembly flow.; v10 B20 real CAD path; CAD_LOCAL_MOUNT_FACE=-Y,12.0,,,,,推进器,推进分系统,Airbus STEP refined coordinate split,79.19009,70.123,167.298846,604.445031,1125.0,826.46193,,,,5553.046681,,,79.19009,70.123,167.298846,/data/wqn/cad2comsol2paraview/data/module_db/cad/Motor Final Assembly v001DawnAerospace_B20_Thruster v022.step,/data/wqn/cad2comsol2paraview/data/module_db/cad/Motor Final Assembly v001DawnAerospace_B20_Thruster v022.step,AIRBUS-REFINED-005,/data/wqn/cad2comsol2paraview/data/module_db/cad/Motor Final Assembly v001DawnAerospace_B20_Thruster v022.step,-Y
AIRBUS-REFINED-006_dawnaerospace_b20_thruster_v2,DawnAerospace_B20_Thruster v2,推进器,bbox_from_step,Airbus refined coordinate-preserved STEP part; group=walls_body; role=thruster; coordinates are in Final Assembly global mm.,167.299×79.190×70.123 mm,167.298846,79.19009,70.123,18.58,Inconel 718 / stainless steel estimate,-X,refined_coordinate_steps/walls_body/006_thruster__satellite_wall_for_solar_panel_v11_1__inst005.step,,,,,,,,,Generated from refined_coordinate_index.csv; installation face fixed to +Z by user request.; thruster安装面已按CAD坐标和相邻板/壁bbox确认为-X; 原值=+Z; CAD_rotated_path/CAD_MAJOR_PATH switched to DB Dawn B1 oriented lightweight STEP for current assembly flow.; v10 B20 real CAD path; CAD_LOCAL_MOUNT_FACE=-Y,12.0,,,,,推进器,推进分系统,Airbus STEP refined coordinate split,167.298846,79.19009,70.123,83.53807,79.445031,155.0,,,,5553.046681,,,167.298846,79.19009,70.123,/data/wqn/cad2comsol2paraview/data/module_db/cad/Motor Final Assembly v001DawnAerospace_B20_Thruster v022.step,/data/wqn/cad2comsol2paraview/data/module_db/cad/Motor Final Assembly v001DawnAerospace_B20_Thruster v022.step,AIRBUS-REFINED-006,/data/wqn/cad2comsol2paraview/data/module_db/cad/Motor Final Assembly v001DawnAerospace_B20_Thruster v022.step,-Y
AIRBUS-REFINED-007_dawnaerospace_b20_thruster_v2,DawnAerospace_B20_Thruster v2,推进器,bbox_from_step,Airbus refined coordinate-preserved STEP part; group=walls_body; role=thruster; coordinates are in Final Assembly global mm.,167.299×79.190×70.123 mm,167.298846,79.19009,70.123,18.58,Inconel 718 / stainless steel estimate,-X,refined_coordinate_steps/walls_body/007_thruster__satellite_wall_for_solar_panel_v11_1__inst006.step,,,,,,,,,Generated from refined_coordinate_index.csv; installation face fixed to +Z by user request.; thruster安装面已按CAD坐标和相邻板/壁bbox确认为-X; 原值=+Z; CAD_rotated_path/CAD_MAJOR_PATH switched to DB Dawn B1 oriented lightweight STEP for current assembly flow.; v10 B20 real CAD path; CAD_LOCAL_MOUNT_FACE=-Y,12.0,,,,,推进器,推进分系统,Airbus STEP refined coordinate split,167.298846,79.19009,70.123,83.53807,79.445031,755.0,,,,5553.046681,,,167.298846,79.19009,70.123,/data/wqn/cad2comsol2paraview/data/module_db/cad/Motor Final Assembly v001DawnAerospace_B20_Thruster v022.step,/data/wqn/cad2comsol2paraview/data/module_db/cad/Motor Final Assembly v001DawnAerospace_B20_Thruster v022.step,AIRBUS-REFINED-007,/data/wqn/cad2comsol2paraview/data/module_db/cad/Motor Final Assembly v001DawnAerospace_B20_Thruster v022.step,-Y
AIRBUS-REFINED-008_dawnaerospace_b20_thruster_v2,DawnAerospace_B20_Thruster v2,推进器,bbox_from_step,Airbus refined coordinate-preserved STEP part; group=walls_body; role=thruster; coordinates are in Final Assembly global mm.,167.299×79.190×70.123 mm,167.298846,79.19009,70.123,18.58,Inconel 718 / stainless steel estimate,-X,refined_coordinate_steps/walls_body/008_thruster__satellite_wall_for_solar_panel_v11_1__inst007.step,,,,,,,,,Generated from refined_coordinate_index.csv; installation face fixed to +Z by user request.; thruster安装面已按CAD坐标和相邻板/壁bbox确认为-X; 原值=+Z; CAD_rotated_path/CAD_MAJOR_PATH switched to DB Dawn B1 oriented lightweight STEP for current assembly flow.; v10 B20 real CAD path; CAD_LOCAL_MOUNT_FACE=-Y,12.0,,,,,推进器,推进分系统,Airbus STEP refined coordinate split,167.298846,79.19009,70.123,83.53807,1120.554969,155.0,,,,5553.046681,,,167.298846,79.19009,70.123,/data/wqn/cad2comsol2paraview/data/module_db/cad/Motor Final Assembly v001DawnAerospace_B20_Thruster v022.step,/data/wqn/cad2comsol2paraview/data/module_db/cad/Motor Final Assembly v001DawnAerospace_B20_Thruster v022.step,AIRBUS-REFINED-008,/data/wqn/cad2comsol2paraview/data/module_db/cad/Motor Final Assembly v001DawnAerospace_B20_Thruster v022.step,-Y
AIRBUS-REFINED-009_dawnaerospace_b20_thruster_v2,DawnAerospace_B20_Thruster v2,推进器,bbox_from_step,Airbus refined coordinate-preserved STEP part; group=walls_body; role=thruster; coordinates are in Final Assembly global mm.,167.299×79.190×70.123 mm,167.298846,79.19009,70.123,18.58,Inconel 718 / stainless steel estimate,-X,refined_coordinate_steps/walls_body/009_thruster__satellite_wall_for_solar_panel_v11_1__inst008.step,,,,,,,,,Generated from refined_coordinate_index.csv; installation face fixed to +Z by user request.; thruster安装面已按CAD坐标和相邻板/壁bbox确认为-X; 原值=+Z; CAD_rotated_path/CAD_MAJOR_PATH switched to DB Dawn B1 oriented lightweight STEP for current assembly flow.; v10 B20 real CAD path; CAD_LOCAL_MOUNT_FACE=-Y,12.0,,,,,推进器,推进分系统,Airbus STEP refined coordinate split,167.298846,79.19009,70.123,83.53807,1120.554969,755.0,,,,5553.046681,,,167.298846,79.19009,70.123,/data/wqn/cad2comsol2paraview/data/module_db/cad/Motor Final Assembly v001DawnAerospace_B20_Thruster v022.step,/data/wqn/cad2comsol2paraview/data/module_db/cad/Motor Final Assembly v001DawnAerospace_B20_Thruster v022.step,AIRBUS-REFINED-009,/data/wqn/cad2comsol2paraview/data/module_db/cad/Motor Final Assembly v001DawnAerospace_B20_Thruster v022.step,-Y
AIRBUS-REFINED-010_dawnaerospace_b20_thruster_v2,DawnAerospace_B20_Thruster v2,推进器,bbox_from_step,Airbus refined coordinate-preserved STEP part; group=walls_body; role=thruster; coordinates are in Final Assembly global mm.,70.123×167.299×79.190 mm,70.123,167.298846,79.19009,18.58,Inconel 718 / stainless steel estimate,+Y,refined_coordinate_steps/walls_body/010_thruster__normal_satellite_wall_v14_1__inst009.step,,,,,,,,,Generated from refined_coordinate_index.csv; installation face fixed to +Z by user request.; thruster安装面已按CAD坐标和相邻板/壁bbox确认为+Y; 原值=+Z; CAD_rotated_path/CAD_MAJOR_PATH switched to DB Dawn B1 oriented lightweight STEP for current assembly flow.; v10 B20 real CAD path; CAD_LOCAL_MOUNT_FACE=-Y,12.0,,,,,推进器,推进分系统,Airbus STEP refined coordinate split,70.123,167.298846,79.19009,600.0,1116.46193,259.445031,,,,5553.046681,,,70.123,167.298846,79.19009,/data/wqn/cad2comsol2paraview/data/module_db/cad/Motor Final Assembly v001DawnAerospace_B20_Thruster v022.step,/data/wqn/cad2comsol2paraview/data/module_db/cad/Motor Final Assembly v001DawnAerospace_B20_Thruster v022.step,AIRBUS-REFINED-010,/data/wqn/cad2comsol2paraview/data/module_db/cad/Motor Final Assembly v001DawnAerospace_B20_Thruster v022.step,-Y
AIRBUS-REFINED-011_dawnaerospace_b20_thruster_v2,DawnAerospace_B20_Thruster v2,推进器,bbox_from_step,Airbus refined coordinate-preserved STEP part; group=walls_body; role=thruster; coordinates are in Final Assembly global mm.,70.123×167.299×79.190 mm,70.123,167.298846,79.19009,18.58,Inconel 718 / stainless steel estimate,+Y,refined_coordinate_steps/walls_body/011_thruster__normal_satellite_wall_v14_1__inst010.step,,,,,,,,,Generated from refined_coordinate_index.csv; installation face fixed to +Z by user request.; thruster安装面已按CAD坐标和相邻板/壁bbox确认为+Y; 原值=+Z; CAD_rotated_path/CAD_MAJOR_PATH switched to DB Dawn B1 oriented lightweight STEP for current assembly flow.; v10 B20 real CAD path; CAD_LOCAL_MOUNT_FACE=-Y,12.0,,,,,推进器,推进分系统,Airbus STEP refined coordinate split,70.123,167.298846,79.19009,600.0,1116.46193,659.445031,,,,5553.046681,,,70.123,167.298846,79.19009,/data/wqn/cad2comsol2paraview/data/module_db/cad/Motor Final Assembly v001DawnAerospace_B20_Thruster v022.step,/data/wqn/cad2comsol2paraview/data/module_db/cad/Motor Final Assembly v001DawnAerospace_B20_Thruster v022.step,AIRBUS-REFINED-011,/data/wqn/cad2comsol2paraview/data/module_db/cad/Motor Final Assembly v001DawnAerospace_B20_Thruster v022.step,-Y
AIRBUS-REFINED-012_dawnaerospace_b20_thruster_v2,DawnAerospace_B20_Thruster v2,推进器,bbox_from_step,Airbus refined coordinate-preserved STEP part; group=walls_body; role=thruster; coordinates are in Final Assembly global mm.,70.123×167.299×79.190 mm,70.123,167.298846,79.19009,18.58,Inconel 718 / stainless steel estimate,-Y,refined_coordinate_steps/walls_body/012_thruster__normal_satellite_wall_v14_2__inst011.step,,,,,,,,,Generated from refined_coordinate_index.csv; installation face fixed to +Z by user request.; thruster安装面已按CAD坐标和相邻板/壁bbox确认为-Y; 原值=+Z; CAD_rotated_path/CAD_MAJOR_PATH switched to DB Dawn B1 oriented lightweight STEP for current assembly flow.; v10 B20 real CAD path; CAD_LOCAL_MOUNT_FACE=-Y,12.0,,,,,推进器,推进分系统,Airbus STEP refined coordinate split,70.123,167.298846,79.19009,600.0,83.53807,259.445031,,,,5553.046681,,,70.123,167.298846,79.19009,/data/wqn/cad2comsol2paraview/data/module_db/cad/Motor Final Assembly v001DawnAerospace_B20_Thruster v022.step,/data/wqn/cad2comsol2paraview/data/module_db/cad/Motor Final Assembly v001DawnAerospace_B20_Thruster v022.step,AIRBUS-REFINED-012,/data/wqn/cad2comsol2paraview/data/module_db/cad/Motor Final Assembly v001DawnAerospace_B20_Thruster v022.step,-Y
AIRBUS-REFINED-013_dawnaerospace_b20_thruster_v2,DawnAerospace_B20_Thruster v2,推进器,bbox_from_step,Airbus refined coordinate-preserved STEP part; group=walls_body; role=thruster; coordinates are in Final Assembly global mm.,70.123×167.299×79.190 mm,70.123,167.298846,79.19009,18.58,Inconel 718 / stainless steel estimate,-Y,refined_coordinate_steps/walls_body/013_thruster__normal_satellite_wall_v14_2__inst012.step,,,,,,,,,Generated from refined_coordinate_index.csv; installation face fixed to +Z by user request.; thruster安装面已按CAD坐标和相邻板/壁bbox确认为-Y; 原值=+Z; CAD_rotated_path/CAD_MAJOR_PATH switched to DB Dawn B1 oriented lightweight STEP for current assembly flow.; v10 B20 real CAD path; CAD_LOCAL_MOUNT_FACE=-Y,12.0,,,,,推进器,推进分系统,Airbus STEP refined coordinate split,70.123,167.298846,79.19009,600.0,83.53807,659.445031,,,,5553.046681,,,70.123,167.298846,79.19009,/data/wqn/cad2comsol2paraview/data/module_db/cad/Motor Final Assembly v001DawnAerospace_B20_Thruster v022.step,/data/wqn/cad2comsol2paraview/data/module_db/cad/Motor Final Assembly v001DawnAerospace_B20_Thruster v022.step,AIRBUS-REFINED-013,/data/wqn/cad2comsol2paraview/data/module_db/cad/Motor Final Assembly v001DawnAerospace_B20_Thruster v022.step,-Y
AIRBUS-REFINED-014_dawnaerospace_b20_thruster_v2,DawnAerospace_B20_Thruster v2,推进器,bbox_from_step,Airbus refined coordinate-preserved STEP part; group=walls_body; role=thruster; coordinates are in Final Assembly global mm.,167.299×79.190×70.123 mm,167.298846,79.19009,70.123,18.58,Inconel 718 / stainless steel estimate,+X,refined_coordinate_steps/walls_body/014_thruster__satellite_wall_for_solar_panel_v11_2__inst013.step,,,,,,,,,Generated from refined_coordinate_index.csv; installation face fixed to +Z by user request.; thruster安装面已按CAD坐标和相邻板/壁bbox确认为+X; 原值=+Z; CAD_rotated_path/CAD_MAJOR_PATH switched to DB Dawn B1 oriented lightweight STEP for current assembly flow.; v10 B20 real CAD path; CAD_LOCAL_MOUNT_FACE=-Y,12.0,,,,,推进器,推进分系统,Airbus STEP refined coordinate split,167.298846,79.19009,70.123,1116.46193,1120.554969,155.0,,,,5553.046681,,,167.298846,79.19009,70.123,/data/wqn/cad2comsol2paraview/data/module_db/cad/Motor Final Assembly v001DawnAerospace_B20_Thruster v022.step,/data/wqn/cad2comsol2paraview/data/module_db/cad/Motor Final Assembly v001DawnAerospace_B20_Thruster v022.step,AIRBUS-REFINED-014,/data/wqn/cad2comsol2paraview/data/module_db/cad/Motor Final Assembly v001DawnAerospace_B20_Thruster v022.step,-Y
AIRBUS-REFINED-015_dawnaerospace_b20_thruster_v2,DawnAerospace_B20_Thruster v2,推进器,bbox_from_step,Airbus refined coordinate-preserved STEP part; group=walls_body; role=thruster; coordinates are in Final Assembly global mm.,167.299×79.190×70.123 mm,167.298846,79.19009,70.123,18.58,Inconel 718 / stainless steel estimate,+X,refined_coordinate_steps/walls_body/015_thruster__satellite_wall_for_solar_panel_v11_2__inst014.step,,,,,,,,,Generated from refined_coordinate_index.csv; installation face fixed to +Z by user request.; thruster安装面已按CAD坐标和相邻板/壁bbox确认为+X; 原值=+Z; CAD_rotated_path/CAD_MAJOR_PATH switched to DB Dawn B1 oriented lightweight STEP for current assembly flow.; v10 B20 real CAD path; CAD_LOCAL_MOUNT_FACE=-Y,12.0,,,,,推进器,推进分系统,Airbus STEP refined coordinate split,167.298846,79.19009,70.123,1116.46193,1120.554969,755.0,,,,5553.046681,,,167.298846,79.19009,70.123,/data/wqn/cad2comsol2paraview/data/module_db/cad/Motor Final Assembly v001DawnAerospace_B20_Thruster v022.step,/data/wqn/cad2comsol2paraview/data/module_db/cad/Motor Final Assembly v001DawnAerospace_B20_Thruster v022.step,AIRBUS-REFINED-015,/data/wqn/cad2comsol2paraview/data/module_db/cad/Motor Final Assembly v001DawnAerospace_B20_Thruster v022.step,-Y
AIRBUS-REFINED-016_dawnaerospace_b20_thruster_v2,DawnAerospace_B20_Thruster v2,推进器,bbox_from_step,Airbus refined coordinate-preserved STEP part; group=walls_body; role=thruster; coordinates are in Final Assembly global mm.,167.299×79.190×70.123 mm,167.298846,79.19009,70.123,18.58,Inconel 718 / stainless steel estimate,+X,refined_coordinate_steps/walls_body/016_thruster__satellite_wall_for_solar_panel_v11_2__inst015.step,,,,,,,,,Generated from refined_coordinate_index.csv; installation face fixed to +Z by user request.; thruster安装面已按CAD坐标和相邻板/壁bbox确认为+X; 原值=+Z; CAD_rotated_path/CAD_MAJOR_PATH switched to DB Dawn B1 oriented lightweight STEP for current assembly flow.; v10 B20 real CAD path; CAD_LOCAL_MOUNT_FACE=-Y,12.0,,,,,推进器,推进分系统,Airbus STEP refined coordinate split,167.298846,79.19009,70.123,1116.46193,79.445031,155.0,,,,5553.046681,,,167.298846,79.19009,70.123,/data/wqn/cad2comsol2paraview/data/module_db/cad/Motor Final Assembly v001DawnAerospace_B20_Thruster v022.step,/data/wqn/cad2comsol2paraview/data/module_db/cad/Motor Final Assembly v001DawnAerospace_B20_Thruster v022.step,AIRBUS-REFINED-016,/data/wqn/cad2comsol2paraview/data/module_db/cad/Motor Final Assembly v001DawnAerospace_B20_Thruster v022.step,-Y
AIRBUS-REFINED-017_dawnaerospace_b20_thruster_v2,DawnAerospace_B20_Thruster v2,推进器,bbox_from_step,Airbus refined coordinate-preserved STEP part; group=walls_body; role=thruster; coordinates are in Final Assembly global mm.,167.299×79.190×70.123 mm,167.298846,79.19009,70.123,18.58,Inconel 718 / stainless steel estimate,+X,refined_coordinate_steps/walls_body/017_thruster__satellite_wall_for_solar_panel_v11_2__inst016.step,,,,,,,,,Generated from refined_coordinate_index.csv; installation face fixed to +Z by user request.; thruster安装面已按CAD坐标和相邻板/壁bbox确认为+X; 原值=+Z; CAD_rotated_path/CAD_MAJOR_PATH switched to DB Dawn B1 oriented lightweight STEP for current assembly flow.; v10 B20 real CAD path; CAD_LOCAL_MOUNT_FACE=-Y,12.0,,,,,推进器,推进分系统,Airbus STEP refined coordinate split,167.298846,79.19009,70.123,1116.46193,79.445031,755.0,,,,5553.046681,,,167.298846,79.19009,70.123,/data/wqn/cad2comsol2paraview/data/module_db/cad/Motor Final Assembly v001DawnAerospace_B20_Thruster v022.step,/data/wqn/cad2comsol2paraview/data/module_db/cad/Motor Final Assembly v001DawnAerospace_B20_Thruster v022.step,AIRBUS-REFINED-017,/data/wqn/cad2comsol2paraview/data/module_db/cad/Motor Final Assembly v001DawnAerospace_B20_Thruster v022.step,-Y
